Workbook

Sheet Employee_data
A1: Employee ID | B1: Employee Name | C1: Email
A2: EMP101 | B2: Rahul Kumar | C2: rahul.kumar@gmail.com
A3: EMP102 | B3: priya sharma | C3: priya.sharma@gmail.com
A4: EMP103 | B4: SAI REDDY | C4: sai.reddy@gmail.com
A5: EMP104 | B5: Neha Gupta | C5: neha.gupta@gmail.com
A6: EMP105 | B6: arjun kumar | C6: arjun.kumar@gmail.com
A8: 1. I created a simple Employee table to practice text functions.
A10: 2. I created a Prefix column using the LEFT() function on the Employee ID column.
A12: 3. I created an Employee Number column using the RIGHT() function on the Employee ID column.
A14: 4. I created an Uppercase Name column using the UPPER() function on the Employee Name column.
A16: 5. I created a Lowercase Name column using the LOWER() function on the Employee Name column.
A18: 6. I created a Proper Case Name column using the PROPER() function on the Employee Name column.
A20: 7. This project helped me understand and practice different text functions in Excel.

Sheet Text_functions
A1: Employee ID | B1: Prefix | C1: Employee Number | D1: Upper Case Name | E1: Lower Case Name | F1: Proper Case Name | G1: Name Length
A2: EMP101 | B2: =LEFT(A2,3) -> EMP | C2: =RIGHT(A2,3) -> 101 | D2: =UPPER(Employee_data!B2) -> RAHUL KUMAR | E2: =LOWER(Employee_data!B2) -> rahul kumar | F2: =PROPER(Employee_data!B2) -> Rahul Kumar | G2: =LEN(Employee_data!B2) -> 11
A3: EMP102 | B3: =LEFT(A3,3) -> EMP | C3: =RIGHT(A3,3) -> 102 | D3: =UPPER(Employee_data!B3) -> PRIYA SHARMA | E3: =LOWER(Employee_data!B3) -> priya sharma | F3: =PROPER(Employee_data!B3) -> Priya Sharma | G3: =LEN(Employee_data!B3) -> 12
A4: EMP103 | B4: =LEFT(A4,3) -> EMP | C4: =RIGHT(A4,3) -> 103 | D4: =UPPER(Employee_data!B4) -> SAI REDDY | E4: =LOWER(Employee_data!B4) -> sai reddy | F4: =PROPER(Employee_data!B4) -> Sai Reddy | G4: =LEN(Employee_data!B4) -> 9
A5: EMP104 | B5: =LEFT(A5,3) -> EMP | C5: =RIGHT(A5,3) -> 104 | D5: =UPPER(Employee_data!B5) -> NEHA GUPTA | E5: =LOWER(Employee_data!B5) -> neha gupta | F5: =PROPER(Employee_data!B5) -> Neha Gupta | G5: =LEN(Employee_data!B5) -> 10
A6: EMP105 | B6: =LEFT(A6,3) -> EMP | C6: =RIGHT(A6,3) -> 105 | D6: =UPPER(Employee_data!B6) -> ARJUN KUMAR | E6: =LOWER(Employee_data!B6) -> arjun kumar | F6: =PROPER(Employee_data!B6) -> Arjun Kumar | G6: =LEN(Employee_data!B6) -> 11
